data;year;month;last;open;max;min;Covid
2016-01-04;2016;1;4.22;4.35;4.37;4.22;0
2016-01-05;2016;1;4.29;4.28;4.31;4.23;0
2016-01-06;2016;1;4.33;4.23;4.41;4.21;0
2016-01-07;2016;1;4.27;4.25;4.31;4.21;0
2016-01-08;2016;1;4.27;4.31;4.34;4.24;0
2016-01-11;2016;1;4.21;4.28;4.3;4.18;0
2016-01-12;2016;1;4.16;4.27;4.32;4.16;0
2016-01-13;2016;1;4.18;4.23;4.25;4.14;0
2016-01-14;2016;1;4.19;4.19;4.23;4.09;0
2016-01-15;2016;1;4.12;4.14;4.16;4.08;0
2016-01-18;2016;1;4.11;4.12;4.16;4.08;0
2016-01-19;2016;1;4.06;4.18;4.19;4.06;0
2016-01-20;2016;1;4.02;4.02;4.06;4;0
2016-01-21;2016;1;4.03;4.02;4.07;4;0
2016-01-22;2016;1;4.09;4.07;4.12;4.05;0
2016-01-26;2016;1;4.16;4.05;4.16;4;0
2016-01-27;2016;1;4.16;4.12;4.25;4.09;0
2016-01-28;2016;1;4.25;4.18;4.25;4.14;0
2016-01-29;2016;1;4.4;4.27;4.41;4.27;0
2016-02-01;2016;2;4.43;4.39;4.43;4.32;0
2016-02-02;2016;2;4.06;4.19;4.25;4.06;0
2016-02-03;2016;2;4.27;4.13;4.28;4.11;0
2016-02-04;2016;2;4.34;4.32;4.44;4.21;0
2016-02-05;2016;2;4.34;4.33;4.41;4.32;0
2016-02-10;2016;2;4.34;4.27;4.36;4.26;0
2016-02-11;2016;2;4.25;4.3;4.3;4.19;0
2016-02-12;2016;2;4.25;4.28;4.3;4.21;0
2016-02-15;2016;2;4.26;4.34;4.34;4.26;0
2016-02-16;2016;2;4.32;4.27;4.39;4.25;0
2016-02-17;2016;2;4.34;4.34;4.47;4.31;0
2016-02-18;2016;2;4.27;4.31;4.32;4.23;0
2016-02-19;2016;2;4.27;4.26;4.31;4.21;0
2016-02-22;2016;2;4.42;4.41;4.48;4.35;0
2016-02-23;2016;2;4.41;4.38;4.47;4.36;0
2016-02-24;2016;2;4.38;4.35;4.38;4.29;0
2016-02-25;2016;2;4.41;4.36;4.43;4.33;0
2016-02-26;2016;2;4.37;4.46;4.47;4.36;0
2016-02-29;2016;2;4.48;4.44;4.5;4.4;0
2016-03-01;2016;3;4.68;4.55;4.7;4.52;0
2016-03-02;2016;3;4.75;4.68;4.76;4.64;0
2016-03-03;2016;3;5.14;4.78;5.15;4.76;0
2016-03-04;2016;3;5.34;5.44;5.58;5.21;0
2016-03-07;2016;3;5.28;5.38;5.4;5.15;0
2016-03-08;2016;3;5.46;5.26;5.51;5.2;0
2016-03-09;2016;3;5.33;5.51;5.56;5.33;0
2016-03-10;2016;3;5.53;5.44;5.63;5.3;0
2016-03-11;2016;3;5.63;5.55;5.67;5.49;0
2016-03-14;2016;3;5.59;5.67;5.76;5.58;0
2016-03-15;2016;3;5.26;5.34;5.5;5.21;0
2016-03-16;2016;3;5.13;5.23;5.23;5.03;0
2016-03-17;2016;3;5.66;5.51;5.73;5.4;0
2016-03-18;2016;3;5.65;5.67;5.73;5.53;0
2016-03-21;2016;3;5.73;5.68;5.75;5.61;0
2016-03-22;2016;3;5.52;5.73;5.73;5.52;0
2016-03-23;2016;3;5.36;5.46;5.49;5.32;0
2016-03-24;2016;3;5.36;5.26;5.36;5.24;0
2016-03-28;2016;3;5.57;5.51;5.57;5.45;0
2016-03-29;2016;3;5.63;5.57;5.7;5.46;0
2016-03-30;2016;3;5.58;5.68;5.73;5.51;0
2016-03-31;2016;3;5.38;5.53;5.53;5.32;0
2016-04-01;2016;4;5.38;5.32;5.44;5.26;0
2016-04-04;2016;4;5.2;5.32;5.34;5.16;0
2016-04-05;2016;4;5.18;5.19;5.32;5.1;0
2016-04-06;2016;4;5.04;5.14;5.2;5;0
2016-04-07;2016;4;5.11;5.12;5.19;5.07;0
2016-04-08;2016;4;5.42;5.23;5.45;5.22;0
2016-04-11;2016;4;5.43;5.47;5.53;5.42;0
2016-04-12;2016;4;5.68;5.46;5.69;5.46;0
2016-04-13;2016;4;5.71;5.75;5.84;5.7;0
2016-04-14;2016;4;5.59;5.75;5.78;5.57;0
2016-04-15;2016;4;5.68;5.63;5.71;5.63;0
2016-04-18;2016;4;5.63;5.63;5.71;5.47;0
2016-04-19;2016;4;5.63;5.67;5.75;5.61;0
2016-04-20;2016;4;5.51;5.59;5.59;5.46;0
2016-04-22;2016;4;5.46;5.44;5.49;5.36;0
2016-04-25;2016;4;5.4;5.46;5.49;5.38;0
2016-04-26;2016;4;5.6;5.44;5.6;5.4;0
2016-04-27;2016;4;5.74;5.6;5.78;5.59;0
2016-04-28;2016;4;5.73;5.73;5.87;5.65;0
2016-04-29;2016;4;5.71;5.75;5.79;5.61;0
2016-05-02;2016;5;5.58;5.74;5.74;5.55;0
2016-05-03;2016;5;5.28;5.43;5.43;5.27;0
2016-05-04;2016;5;5.36;5.3;5.38;5.26;0
2016-05-05;2016;5;5.31;5.41;5.44;5.24;0
2016-05-06;2016;5;5.33;5.26;5.38;5.25;0
2016-05-09;2016;5;5.4;5.29;5.46;5.12;0
2016-05-10;2016;5;5.65;5.49;5.69;5.46;0
2016-05-11;2016;5;5.62;5.77;5.81;5.54;0
2016-05-12;2016;5;5.68;5.7;5.76;5.55;0
2016-05-13;2016;5;5.55;5.67;5.68;5.42;0
2016-05-16;2016;5;5.52;5.51;5.59;5.49;0
2016-05-17;2016;5;5.35;5.53;5.57;5.31;0
2016-05-18;2016;5;5.35;5.3;5.52;5.27;0
2016-05-19;2016;5;5.38;5.28;5.41;5.24;0
2016-05-20;2016;5;5.31;5.44;5.46;5.27;0
2016-05-23;2016;5;5.33;5.27;5.38;5.18;0
2016-05-24;2016;5;5.28;5.38;5.46;5.24;0
2016-05-25;2016;5;5.27;5.35;5.38;5.26;0
2016-05-27;2016;5;5.27;5.28;5.35;5.25;0
2016-05-30;2016;5;5.26;5.26;5.31;5.23;0
2016-05-31;2016;5;5.17;5.26;5.3;5.14;0
2016-06-01;2016;6;5.29;5.18;5.29;5.11;0
2016-06-02;2016;6;5.3;5.3;5.35;5.21;0
2016-06-03;2016;6;5.34;5.35;5.4;5.29;0
2016-06-06;2016;6;5.27;5.34;5.37;5.21;0
2016-06-07;2016;6;5.36;5.24;5.37;5.21;0
2016-06-08;2016;6;5.45;5.38;5.5;5.38;0
2016-06-09;2016;6;5.49;5.42;5.52;5.38;0
2016-06-10;2016;6;5.2;5.44;5.44;5.2;0
2016-06-13;2016;6;5.25;5.19;5.26;5.15;0
2016-06-14;2016;6;5.15;5.24;5.29;5.09;0
2016-06-15;2016;6;5.14;5.16;5.27;5.06;0
2016-06-16;2016;6;5.26;5.08;5.31;5.05;0
2016-06-17;2016;6;5.19;5.32;5.34;5.19;0
2016-06-20;2016;6;5.27;5.31;5.33;5.26;0
2016-06-21;2016;6;5.22;5.21;5.24;5.13;0
2016-06-22;2016;6;5.18;5.24;5.3;5.15;0
2016-06-23;2016;6;5.37;5.24;5.39;5.21;0
2016-06-24;2016;6;5.24;5.2;5.29;5.16;0
2016-06-27;2016;6;5.08;5.25;5.27;5.08;0
2016-06-28;2016;6;5.22;5.17;5.22;5.14;0
2016-06-29;2016;6;5.35;5.27;5.37;5.26;0
2016-06-30;2016;6;5.51;5.34;5.53;5.32;0
2016-07-01;2016;7;5.56;5.54;5.58;5.44;0
2016-07-04;2016;7;5.56;5.58;5.6;5.49;0
2016-07-05;2016;7;5.49;5.48;5.53;5.44;0
2016-07-06;2016;7;5.46;5.45;5.5;5.36;0
2016-07-07;2016;7;5.51;5.49;5.54;5.44;0
2016-07-08;2016;7;5.66;5.56;5.67;5.55;0
2016-07-11;2016;7;5.67;5.69;5.72;5.64;0
2016-07-12;2016;7;5.58;5.71;5.74;5.58;0
2016-07-13;2016;7;5.72;5.58;5.74;5.58;0
2016-07-14;2016;7;5.97;5.75;5.98;5.75;0
2016-07-15;2016;7;5.94;5.98;5.98;5.85;0
2016-07-18;2016;7;6.07;5.97;6.09;5.93;0
2016-07-19;2016;7;6.11;6.06;6.12;6.01;0
2016-07-20;2016;7;6.09;6.14;6.19;6.02;0
2016-07-21;2016;7;6.03;6.1;6.12;5.94;0
2016-07-22;2016;7;6.04;5.99;6.06;5.98;0
2016-07-25;2016;7;6.01;6.06;6.1;5.95;0
2016-07-26;2016;7;5.96;6.04;6.09;5.94;0
2016-07-27;2016;7;6.05;5.98;6.06;5.97;0
2016-07-28;2016;7;5.98;6.02;6.04;5.92;0
2016-07-29;2016;7;6.07;5.93;6.11;5.93;0
2016-08-01;2016;8;6;6.09;6.16;5.95;0
2016-08-02;2016;8;6.04;5.97;6.14;5.96;0
2016-08-03;2016;8;6.27;6;6.27;6;0
2016-08-04;2016;8;6.29;6.29;6.4;6.27;0
2016-08-05;2016;8;6.27;6.33;6.34;6.22;0
2016-08-08;2016;8;6.22;6.25;6.3;6.18;0
2016-08-09;2016;8;6.22;6.26;6.34;6.22;0
2016-08-10;2016;8;6.14;6.26;6.29;6.07;0
2016-08-11;2016;8;6.31;6.17;6.31;6.14;0
2016-08-12;2016;8;6.32;6.3;6.37;6.25;0
2016-08-15;2016;8;6.43;6.38;6.49;6.35;0
2016-08-16;2016;8;6.36;6.4;6.44;6.33;0
2016-08-17;2016;8;6.46;6.36;6.47;6.27;0
2016-08-18;2016;8;6.49;6.43;6.5;6.38;0
2016-08-19;2016;8;6.43;6.48;6.49;6.39;0
2016-08-22;2016;8;6.26;6.43;6.43;6.24;0
2016-08-23;2016;8;6.27;6.33;6.34;6.2;0
2016-08-24;2016;8;6.24;6.23;6.3;6.18;0
2016-08-25;2016;8;6.23;6.26;6.31;6.21;0
2016-08-26;2016;8;6.29;6.27;6.38;6.2;0
2016-08-29;2016;8;6.38;6.27;6.43;6.27;0
2016-08-30;2016;8;6.4;6.39;6.42;6.33;0
2016-08-31;2016;8;6.3;6.41;6.46;6.24;0
2016-09-01;2016;9;6.36;6.29;6.42;6.26;0
2016-09-02;2016;9;6.45;6.39;6.45;6.39;0
2016-09-05;2016;9;6.42;6.47;6.49;6.39;0
2016-09-06;2016;9;6.48;6.46;6.48;6.36;0
2016-09-08;2016;9;6.39;6.42;6.45;6.38;0
2016-09-09;2016;9;6.09;6.33;6.34;6.06;0
2016-09-12;2016;9;6.15;6.06;6.2;6.03;0
2016-09-13;2016;9;6.12;6.11;6.15;5.96;0
2016-09-14;2016;9;6.05;6.13;6.15;6.03;0
2016-09-15;2016;9;6.19;6.05;6.26;6.05;0
2016-09-16;2016;9;6.12;6.19;6.19;6.04;0
2016-09-19;2016;9;6.13;6.17;6.23;6.12;0
2016-09-20;2016;9;6.17;6.17;6.22;6.15;0
2016-09-21;2016;9;6.2;6.23;6.24;6.08;0
2016-09-22;2016;9;6.3;6.25;6.34;6.21;0
2016-09-23;2016;9;6.25;6.29;6.3;6.19;0
2016-09-26;2016;9;6.17;6.18;6.22;6.15;0
2016-09-27;2016;9;6.26;6.19;6.27;6.1;0
2016-09-28;2016;9;6.33;6.26;6.34;6.22;0
2016-09-29;2016;9;6.15;6.34;6.36;6.15;0
2016-09-30;2016;9;6.12;6.18;6.2;6.11;0
2016-10-03;2016;10;6.23;6.13;6.26;6.12;0
2016-10-04;2016;10;6.15;6.17;6.22;6.04;0
2016-10-05;2016;10;6.23;6.14;6.28;6.12;0
2016-10-06;2016;10;6.33;6.24;6.34;6.22;0
2016-10-07;2016;10;6.4;6.35;6.42;6.33;0
2016-10-10;2016;10;6.5;6.46;6.5;6.45;0
2016-10-11;2016;10;6.43;6.5;6.5;6.4;0
2016-10-13;2016;10;6.43;6.4;6.47;6.37;0
2016-10-14;2016;10;6.53;6.48;6.58;6.45;0
2016-10-17;2016;10;6.59;6.56;6.62;6.53;0
2016-10-18;2016;10;6.68;6.63;6.7;6.56;0
2016-10-19;2016;10;6.64;6.69;6.73;6.62;0
2016-10-20;2016;10;6.67;6.61;6.77;6.56;0
2016-10-21;2016;10;6.62;6.62;6.69;6.59;0
2016-10-24;2016;10;6.58;6.64;6.69;6.57;0
2016-10-25;2016;10;6.49;6.57;6.6;6.42;0
2016-10-26;2016;10;6.5;6.47;6.57;6.45;0
2016-10-27;2016;10;6.64;6.52;6.69;6.52;0
2016-10-28;2016;10;6.66;6.64;6.7;6.56;0
2016-10-31;2016;10;6.93;6.69;6.93;6.68;0
2016-11-01;2016;11;6.78;6.95;6.97;6.75;0
2016-11-03;2016;11;6.64;6.74;6.85;6.63;0
2016-11-04;2016;11;6.78;6.64;6.88;6.62;0
2016-11-07;2016;11;6.94;6.91;7;6.88;0
2016-11-08;2016;11;6.97;6.94;7.07;6.91;0
2016-11-09;2016;11;6.83;6.64;6.97;6.64;0
2016-11-10;2016;11;6.48;6.83;6.86;6.38;0
2016-11-11;2016;11;6.3;6.33;6.54;6.25;0
2016-11-14;2016;11;6.29;6.28;6.45;6.2;0
2016-11-16;2016;11;6.5;6.39;6.51;6.34;0
2016-11-17;2016;11;6.34;6.53;6.57;6.31;0
2016-11-18;2016;11;6.45;6.33;6.56;6.33;0
2016-11-21;2016;11;6.51;6.51;6.59;6.48;0
2016-11-22;2016;11;6.51;6.59;6.65;6.43;0
2016-11-23;2016;11;6.39;6.49;6.53;6.39;0
2016-11-24;2016;11;6.34;6.42;6.45;6.34;0
2016-11-25;2016;11;6.31;6.31;6.33;6.23;0
2016-11-28;2016;11;6.37;6.32;6.42;6.26;0
2016-11-29;2016;11;6.25;6.35;6.39;6.25;0
2016-11-30;2016;11;6.32;6.32;6.42;6.3;0
2016-12-01;2016;12;6.01;6.22;6.23;5.96;0
2016-12-02;2016;12;6.03;5.98;6.14;5.93;0
2016-12-05;2016;12;6;6.06;6.09;5.97;0
2016-12-06;2016;12;6.13;5.97;6.16;5.94;0
2016-12-07;2016;12;6.15;6.18;6.21;6.11;0
2016-12-08;2016;12;6.14;6.2;6.22;6.1;0
2016-12-09;2016;12;6.18;6.17;6.25;6.13;0
2016-12-12;2016;12;5.94;6.1;6.13;5.92;0
2016-12-13;2016;12;5.96;5.92;6.06;5.92;0
2016-12-14;2016;12;5.93;5.96;6.06;5.93;0
2016-12-15;2016;12;5.93;5.93;6.03;5.87;0
2016-12-16;2016;12;5.9;5.99;6.01;5.88;0
2016-12-19;2016;12;5.8;5.92;5.95;5.78;0
2016-12-20;2016;12;5.85;5.88;5.92;5.8;0
2016-12-21;2016;12;5.85;5.88;5.9;5.81;0
2016-12-22;2016;12;5.9;5.88;5.95;5.82;0
2016-12-23;2016;12;6.02;6;6.09;5.99;0
2016-12-26;2016;12;6.09;6.05;6.12;6.04;0
2016-12-27;2016;12;6.07;6.12;6.12;6.05;0
2016-12-28;2016;12;6.15;6.04;6.21;6.04;0
2016-12-29;2016;12;6.31;6.17;6.31;6.15;0
2017-01-02;2017;1;6.25;6.25;6.28;6.22;0
2017-01-03;2017;1;6.53;6.28;6.53;6.28;0
2017-01-04;2017;1;6.57;6.48;6.57;6.47;0
2017-01-05;2017;1;6.63;6.58;6.7;6.52;0
2017-01-06;2017;1;6.6;6.63;6.66;6.55;0
2017-01-09;2017;1;6.67;6.59;6.72;6.54;0
2017-01-10;2017;1;6.63;6.7;6.74;6.57;0
2017-01-11;2017;1;6.67;6.65;6.7;6.58;0
2017-01-12;2017;1;6.86;6.8;6.92;6.79;0
2017-01-13;2017;1;6.79;6.8;6.92;6.72;0
2017-01-16;2017;1;6.79;6.79;6.83;6.74;0
2017-01-17;2017;1;6.92;6.79;6.98;6.78;0
2017-01-18;2017;1;6.89;6.98;6.98;6.85;0
2017-01-19;2017;1;6.88;6.9;6.92;6.82;0
2017-01-20;2017;1;6.95;6.89;6.98;6.88;0
2017-01-23;2017;1;7.13;6.95;7.13;6.93;0
2017-01-24;2017;1;7.05;7.12;7.14;7.02;0
2017-01-26;2017;1;7.08;7.12;7.14;7.02;0
2017-01-27;2017;1;7.07;7.09;7.14;7.05;0
2017-01-30;2017;1;6.98;7.05;7.06;6.92;0
2017-01-31;2017;1;7.07;7.02;7.12;6.93;0
2017-02-01;2017;2;7.1;7.11;7.14;7.05;0
2017-02-02;2017;2;7.09;7.05;7.12;6.9;0
2017-02-03;2017;2;7.23;7.08;7.28;7.06;0
2017-02-06;2017;2;7.12;7.24;7.3;7.12;0
2017-02-07;2017;2;7.22;7.27;7.41;7.2;0
2017-02-08;2017;2;7.28;7.24;7.3;7.14;0
2017-02-09;2017;2;7.34;7.32;7.44;7.26;0
2017-02-10;2017;2;7.4;7.36;7.43;7.3;0
2017-02-13;2017;2;7.39;7.41;7.44;7.31;0
2017-02-14;2017;2;7.36;7.42;7.42;7.33;0
2017-02-15;2017;2;7.64;7.41;7.66;7.39;0
2017-02-16;2017;2;7.62;7.6;7.69;7.59;0
2017-02-17;2017;2;7.74;7.56;7.77;7.52;0
2017-02-20;2017;2;7.85;7.77;7.89;7.74;0
2017-02-21;2017;2;8.03;7.95;8.03;7.9;0
2017-02-22;2017;2;8.07;8.01;8.08;7.97;0
2017-02-23;2017;2;7.97;8.08;8.2;7.88;0
2017-02-24;2017;2;7.83;7.89;7.94;7.8;0
2017-03-01;2017;3;7.8;7.92;7.96;7.78;0
2017-03-02;2017;3;7.7;7.81;7.83;7.69;0
2017-03-03;2017;3;7.8;7.74;7.8;7.7;0
2017-03-06;2017;3;7.86;7.8;7.86;7.71;0
2017-03-07;2017;3;7.74;7.87;7.87;7.74;0
2017-03-08;2017;3;7.6;7.78;7.79;7.56;0
2017-03-09;2017;3;7.52;7.6;7.65;7.48;0
2017-03-10;2017;3;7.56;7.56;7.7;7.54;0
2017-03-13;2017;3;7.67;7.61;7.74;7.57;0
2017-03-14;2017;3;7.58;7.64;7.74;7.58;0
2017-03-15;2017;3;7.77;7.65;7.78;7.55;0
2017-03-16;2017;3;7.77;7.79;7.83;7.7;0
2017-03-17;2017;3;7.63;7.79;7.84;7.61;0
2017-03-20;2017;3;7.61;7.61;7.65;7.52;0
2017-03-21;2017;3;7.35;7.6;7.62;7.28;0
2017-03-22;2017;3;7.53;7.35;7.53;7.31;0
2017-03-23;2017;3;7.47;7.49;7.55;7.42;0
2017-03-24;2017;3;7.54;7.47;7.6;7.47;0
2017-03-27;2017;3;7.61;7.52;7.61;7.42;0
2017-03-28;2017;3;7.56;7.61;7.63;7.49;0
2017-03-29;2017;3;7.63;7.56;7.64;7.52;0
2017-03-30;2017;3;7.53;7.65;7.69;7.5;0
2017-03-31;2017;3;7.42;7.52;7.56;7.42;0
2017-04-03;2017;4;7.48;7.46;7.5;7.41;0
2017-04-04;2017;4;7.58;7.48;7.59;7.46;0
2017-04-05;2017;4;7.49;7.58;7.61;7.45;0
2017-04-06;2017;4;7.39;7.49;7.51;7.35;0
2017-04-07;2017;4;7.43;7.41;7.52;7.38;0
2017-04-10;2017;4;7.46;7.47;7.52;7.38;0
2017-04-11;2017;4;7.49;7.49;7.6;7.39;0
2017-04-12;2017;4;7.45;7.47;7.55;7.42;0
2017-04-13;2017;4;7.27;7.43;7.47;7.26;0
2017-04-17;2017;4;7.46;7.29;7.49;7.29;0
2017-04-18;2017;4;7.52;7.43;7.59;7.41;0
2017-04-19;2017;4;7.4;7.56;7.57;7.4;0
2017-04-20;2017;4;7.34;7.45;7.49;7.31;0
2017-04-24;2017;4;7.52;7.45;7.52;7.41;0
2017-04-25;2017;4;7.53;7.46;7.54;7.43;0
2017-04-26;2017;4;7.51;7.49;7.64;7.49;0
2017-04-27;2017;4;7.6;7.57;7.67;7.56;0
2017-04-28;2017;4;7.72;7.59;7.72;7.57;0
2017-05-02;2017;5;7.87;7.75;7.88;7.73;0
2017-05-03;2017;5;7.79;7.89;7.92;7.75;0
2017-05-04;2017;5;7.61;7.8;7.83;7.57;0
2017-05-05;2017;5;7.82;7.63;7.82;7.62;0
2017-05-08;2017;5;7.81;7.82;7.86;7.74;0
2017-05-09;2017;5;7.83;7.84;7.85;7.77;0
2017-05-10;2017;5;7.88;7.86;7.9;7.82;0
2017-05-11;2017;5;8.02;7.92;8.03;7.9;0
2017-05-12;2017;5;8.04;8.06;8.13;8.02;0
2017-05-15;2017;5;8.04;8.04;8.09;7.99;0
2017-05-16;2017;5;8.02;8.04;8.09;7.97;0
2017-05-17;2017;5;7.86;8;8.02;7.8;0
2017-05-18;2017;5;7.1;6.74;7.26;6.66;0
2017-05-19;2017;5;7.15;7.22;7.38;7.1;0
2017-05-22;2017;5;6.95;7.11;7.11;6.88;0
2017-05-23;2017;5;7.03;7;7.13;6.99;0
2017-05-24;2017;5;7.03;7.13;7.2;7.03;0
2017-05-25;2017;5;6.87;7.06;7.12;6.84;0
2017-05-26;2017;5;7;6.92;7.06;6.92;0
2017-05-29;2017;5;6.99;6.98;7.01;6.92;0
2017-05-30;2017;5;7.05;7;7.07;7;0
2017-05-31;2017;5;6.99;7.05;7.08;6.93;0
2017-06-01;2017;6;6.84;7.03;7.05;6.83;0
2017-06-02;2017;6;6.88;6.9;6.93;6.83;0
2017-06-05;2017;6;6.85;6.84;6.94;6.8;0
2017-06-06;2017;6;6.94;6.86;6.99;6.86;0
2017-06-07;2017;6;7.06;7.01;7.11;6.99;0
2017-06-08;2017;6;7.01;7.04;7.08;6.96;0
2017-06-09;2017;6;6.89;7.04;7.08;6.88;0
2017-06-12;2017;6;6.89;6.9;6.92;6.77;0
2017-06-13;2017;6;6.94;6.91;6.96;6.89;0
2017-06-14;2017;6;7.01;6.97;7.08;6.94;0
2017-06-16;2017;6;7.04;6.96;7.07;6.93;0
2017-06-19;2017;6;7.05;7.04;7.11;7.01;0
2017-06-20;2017;6;6.87;7.04;7.04;6.83;0
2017-06-21;2017;6;6.83;6.9;6.93;6.81;0
2017-06-22;2017;6;6.85;6.87;6.88;6.8;0
2017-06-23;2017;6;6.78;6.87;6.88;6.78;0
2017-06-26;2017;6;6.96;6.84;7;6.81;0
2017-06-27;2017;6;6.83;6.95;6.99;6.83;0
2017-06-28;2017;6;6.89;6.86;6.94;6.83;0
2017-06-29;2017;6;6.98;6.93;7;6.87;0
2017-06-30;2017;6;7.05;7.04;7.07;7;0
2017-07-03;2017;7;7.05;7.07;7.08;7.03;0
2017-07-04;2017;7;7.04;7.04;7.08;7.04;0
2017-07-05;2017;7;7.12;7.06;7.15;7.04;0
2017-07-06;2017;7;7.02;7.12;7.14;6.99;0
2017-07-07;2017;7;7.01;7.05;7.08;6.97;0
2017-07-10;2017;7;7.08;7.04;7.09;7.02;0
2017-07-11;2017;7;7.18;7.08;7.18;7.04;0
2017-07-12;2017;7;7.19;7.21;7.23;7.07;0
2017-07-13;2017;7;7.22;7.21;7.26;7.18;0
2017-07-14;2017;7;7.2;7.24;7.25;7.15;0
2017-07-17;2017;7;7.18;7.19;7.21;7.13;0
2017-07-18;2017;7;7.24;7.16;7.24;7.14;0
2017-07-19;2017;7;7.18;7.26;7.27;7.14;0
2017-07-20;2017;7;7.21;7.18;7.23;7.16;0
2017-07-21;2017;7;7.19;7.2;7.23;7.18;0
2017-07-24;2017;7;7.19;7.23;7.23;7.17;0
2017-07-25;2017;7;7.26;7.22;7.3;7.2;0
2017-07-26;2017;7;7.17;7.26;7.3;7.16;0
2017-07-27;2017;7;7.22;7.23;7.25;7.17;0
2017-07-28;2017;7;7.22;7.22;7.24;7.17;0
2017-07-31;2017;7;7.23;7.24;7.27;7.19;0
2017-08-01;2017;8;7.47;7.32;7.5;7.32;0
2017-08-02;2017;8;7.55;7.46;7.61;7.44;0
2017-08-03;2017;8;7.54;7.55;7.61;7.52;0
2017-08-04;2017;8;7.51;7.55;7.58;7.47;0
2017-08-07;2017;8;7.68;7.55;7.7;7.52;0
2017-08-08;2017;8;7.69;7.69;7.8;7.64;0
2017-08-09;2017;8;7.65;7.65;7.67;7.58;0
2017-08-10;2017;8;7.6;7.63;7.65;7.52;0
2017-08-11;2017;8;7.64;7.59;7.66;7.54;0
2017-08-14;2017;8;7.75;7.66;7.8;7.63;0
2017-08-15;2017;8;7.79;7.82;7.86;7.79;0
2017-08-16;2017;8;7.8;7.81;7.86;7.7;0
2017-08-17;2017;8;7.73;7.78;7.79;7.68;0
2017-08-18;2017;8;7.83;7.74;7.85;7.73;0
2017-08-21;2017;8;7.83;7.85;7.85;7.76;0
2017-08-22;2017;8;7.91;7.86;8.05;7.86;0
2017-08-23;2017;8;8.07;7.94;8.07;7.91;0
2017-08-24;2017;8;8.13;8.06;8.18;8.05;0
2017-08-25;2017;8;8.12;8.19;8.2;8.05;0
2017-08-28;2017;8;8.1;8.12;8.18;8.08;0
2017-08-29;2017;8;8.17;8.07;8.21;8.02;0
2017-08-30;2017;8;8.17;8.2;8.21;8.1;0
2017-08-31;2017;8;8.04;8.19;8.21;7.97;0
2017-09-01;2017;9;8.19;8.11;8.28;8.08;0
2017-09-04;2017;9;8.16;8.19;8.22;8.15;0
2017-09-05;2017;9;8.21;8.26;8.31;8.15;0
2017-09-06;2017;9;8.44;8.26;8.47;8.26;0
2017-09-08;2017;9;8.46;8.38;8.56;8.38;0
2017-09-11;2017;9;8.57;8.52;8.67;8.5;0
2017-09-12;2017;9;8.61;8.59;8.67;8.55;0
2017-09-13;2017;9;8.64;8.62;8.69;8.55;0
2017-09-14;2017;9;8.67;8.62;8.71;8.59;0
2017-09-15;2017;9;8.86;8.66;8.92;8.63;0
2017-09-18;2017;9;8.91;8.85;8.92;8.8;0
2017-09-19;2017;9;8.88;8.94;8.94;8.75;0
2017-09-20;2017;9;8.79;8.89;8.9;8.65;0
2017-09-21;2017;9;8.8;8.83;8.87;8.74;0
2017-09-22;2017;9;8.79;8.8;8.83;8.74;0
2017-09-25;2017;9;8.69;8.77;8.8;8.64;0
2017-09-26;2017;9;8.68;8.71;8.8;8.67;0
2017-09-27;2017;9;8.3;8.46;8.5;8.27;0
2017-09-28;2017;9;8.29;8.32;8.35;8.26;0
2017-09-29;2017;9;8.45;8.33;8.48;8.32;0
2017-10-02;2017;10;8.39;8.43;8.44;8.36;0
2017-10-03;2017;10;8.72;8.42;8.72;8.4;0
2017-10-04;2017;10;8.66;8.73;8.73;8.56;0
2017-10-05;2017;10;8.72;8.69;8.86;8.69;0
2017-10-06;2017;10;8.68;8.69;8.69;8.59;0
2017-10-09;2017;10;8.55;8.68;8.68;8.5;0
2017-10-10;2017;10;8.72;8.63;8.74;8.6;0
2017-10-11;2017;10;8.7;8.69;8.75;8.63;0
2017-10-13;2017;10;8.69;8.73;8.78;8.61;0
2017-10-16;2017;10;8.65;8.72;8.73;8.59;0
2017-10-17;2017;10;8.55;8.65;8.65;8.55;0
2017-10-18;2017;10;8.59;8.57;8.64;8.53;0
2017-10-19;2017;10;8.54;8.58;8.58;8.43;0
2017-10-20;2017;10;8.54;8.56;8.59;8.49;0
2017-10-23;2017;10;8.34;8.54;8.55;8.32;0
2017-10-24;2017;10;8.52;8.36;8.52;8.29;0
2017-10-25;2017;10;8.65;8.55;8.67;8.45;0
2017-10-26;2017;10;8.56;8.67;8.72;8.5;0
2017-10-27;2017;10;8.54;8.57;8.65;8.5;0
2017-10-30;2017;10;8.3;8.53;8.54;8.23;0
2017-10-31;2017;10;8.03;8.36;8.39;8.03;0
2017-11-01;2017;11;7.96;8.15;8.16;7.93;0
2017-11-03;2017;11;8.04;8.03;8.1;7.93;0
2017-11-06;2017;11;8.06;8.11;8.15;8.04;0
2017-11-07;2017;11;7.89;8.06;8.07;7.86;0
2017-11-08;2017;11;8.15;7.93;8.22;7.93;0
2017-11-09;2017;11;8.02;8.16;8.16;7.97;0
2017-11-10;2017;11;8.02;8.03;8.06;7.93;0
2017-11-13;2017;11;8.02;8.01;8.06;7.92;0
2017-11-14;2017;11;7.9;8.03;8.15;7.87;0
2017-11-16;2017;11;8.03;7.9;8.1;7.9;0
2017-11-17;2017;11;8.12;8.04;8.17;7.98;0
2017-11-21;2017;11;8.24;8.19;8.36;8.19;0
2017-11-22;2017;11;8.22;8.26;8.29;8.16;0
2017-11-23;2017;11;8.21;8.23;8.25;8.12;0
2017-11-24;2017;11;8.13;8.23;8.23;8.13;0
2017-11-27;2017;11;8.26;8.12;8.26;8.05;0
2017-11-28;2017;11;8.23;8.31;8.35;8.22;0
2017-11-29;2017;11;8.03;8.26;8.3;8.03;0
2017-11-30;2017;11;7.95;8.01;8.04;7.87;0
2017-12-01;2017;12;8.02;7.89;8.05;7.86;0
2017-12-04;2017;12;8.05;8.09;8.21;8.02;0
2017-12-05;2017;12;8.01;8.05;8.23;7.95;0
2017-12-06;2017;12;8.13;8;8.13;7.88;0
2017-12-07;2017;12;8.04;8;8.08;7.87;0
2017-12-08;2017;12;8.07;8.09;8.18;8.07;0
2017-12-11;2017;12;8.11;8.11;8.18;8.05;0
2017-12-12;2017;12;8.19;8.08;8.19;7.97;0
2017-12-13;2017;12;8.08;8.23;8.25;8.01;0
2017-12-14;2017;12;8.05;8.06;8.06;7.94;0
2017-12-15;2017;12;8.09;8.03;8.13;8.01;0
2017-12-18;2017;12;8.05;8.13;8.19;8.05;0
2017-12-19;2017;12;7.98;8.05;8.06;7.95;0
2017-12-20;2017;12;8.1;8.05;8.1;8.02;0
2017-12-21;2017;12;8.4;8.11;8.4;8.09;0
2017-12-22;2017;12;8.41;8.36;8.41;8.31;0
2017-12-26;2017;12;8.44;8.47;8.53;8.43;0
2017-12-27;2017;12;8.42;8.47;8.53;8.4;0
2017-12-28;2017;12;8.43;8.44;8.47;8.4;0
2018-01-02;2018;1;8.59;8.47;8.59;8.45;0
2018-01-03;2018;1;8.69;8.55;8.72;8.52;0
2018-01-04;2018;1;8.86;8.72;8.88;8.7;0
2018-01-05;2018;1;8.87;8.86;8.87;8.76;0
2018-01-08;2018;1;8.86;8.83;8.86;8.79;0
2018-01-09;2018;1;8.72;8.87;8.87;8.72;0
2018-01-10;2018;1;8.72;8.71;8.76;8.63;0
2018-01-11;2018;1;8.86;8.76;8.87;8.72;0
2018-01-12;2018;1;8.89;8.82;8.89;8.8;0
2018-01-15;2018;1;9;8.9;9;8.9;0
2018-01-16;2018;1;9.11;8.98;9.14;8.96;0
2018-01-17;2018;1;9.25;9.07;9.3;9.05;0
2018-01-18;2018;1;9.3;9.24;9.36;9.23;0
2018-01-19;2018;1;9.33;9.32;9.39;9.26;0
2018-01-22;2018;1;9.56;9.32;9.56;9.32;0
2018-01-23;2018;1;9.46;9.54;9.61;9.42;0
2018-01-24;2018;1;10.06;9.53;10.06;9.53;0
2018-01-26;2018;1;10.48;10.17;10.53;10.13;0
2018-01-29;2018;1;10.2;10.42;10.46;10.18;0
2018-01-30;2018;1;10.27;10.18;10.27;10.01;0
2018-01-31;2018;1;10.32;10.32;10.5;10.28;0
2018-02-01;2018;2;10.29;10.32;10.43;10.18;0
2018-02-02;2018;2;10.13;10.14;10.23;10.03;0
2018-02-05;2018;2;9.81;10.04;10.17;9.81;0
2018-02-06;2018;2;10.2;9.75;10.24;9.71;0
2018-02-07;2018;2;9.99;10.2;10.21;9.94;0
2018-02-08;2018;2;9.89;10.02;10.15;9.85;0
2018-02-09;2018;2;9.88;9.88;10.02;9.68;0
2018-02-14;2018;2;10.2;9.98;10.29;9.98;0
2018-02-15;2018;2;9.83;9.91;9.99;9.82;0
2018-02-16;2018;2;10.07;9.87;10.07;9.82;0
2018-02-19;2018;2;10.04;10.07;10.14;9.98;0
2018-02-20;2018;2;10.45;10.27;10.5;10.18;0
2018-02-21;2018;2;10.63;10.52;10.83;10.52;0
2018-02-22;2018;2;10.8;10.64;10.84;10.64;0
2018-02-23;2018;2;10.85;10.93;10.94;10.63;0
2018-02-26;2018;2;10.87;10.9;10.93;10.77;0
2018-02-27;2018;2;10.73;10.86;10.86;10.65;0
2018-02-28;2018;2;10.45;10.73;10.73;10.45;0
2018-03-01;2018;3;10.63;10.5;10.66;10.47;0
2018-03-02;2018;3;10.71;10.58;10.71;10.44;0
2018-03-05;2018;3;11;10.71;11;10.69;0
2018-03-06;2018;3;10.95;11.09;11.15;10.95;0
2018-03-07;2018;3;10.92;10.95;10.95;10.78;0
2018-03-08;2018;3;10.85;10.98;10.99;10.77;0
2018-03-09;2018;3;10.95;10.87;11.03;10.87;0
2018-03-12;2018;3;11.05;10.98;11.07;10.92;0
2018-03-13;2018;3;10.98;11.07;11.07;10.91;0
2018-03-14;2018;3;10.87;10.99;11.03;10.81;0
2018-03-15;2018;3;10.82;10.76;10.88;10.71;0
2018-03-16;2018;3;10.71;10.82;10.93;10.71;0
2018-03-19;2018;3;10.6;10.68;10.71;10.51;0
2018-03-20;2018;3;10.6;10.64;10.67;10.52;0
2018-03-21;2018;3;10.62;10.61;10.66;10.53;0
2018-03-22;2018;3;10.58;10.63;10.71;10.48;0
2018-03-23;2018;3;10.61;10.53;10.83;10.52;0
2018-03-26;2018;3;10.79;10.7;10.79;10.67;0
2018-03-27;2018;3;10.67;10.81;10.86;10.6;0
2018-03-28;2018;3;10.8;10.6;10.8;10.58;0
2018-03-29;2018;3;10.99;10.83;11.11;10.83;0
2018-04-02;2018;4;10.93;11;11.1;10.81;0
2018-04-03;2018;4;10.87;10.97;11.03;10.79;0
2018-04-04;2018;4;10.88;10.72;10.92;10.63;0
2018-04-05;2018;4;10.85;11.06;11.13;10.83;0
2018-04-06;2018;4;10.76;10.88;10.89;10.64;0
2018-04-09;2018;4;10.55;10.8;10.8;10.52;0
2018-04-10;2018;4;10.59;10.63;10.67;10.49;0
2018-04-11;2018;4;10.59;10.59;10.7;10.57;0
2018-04-12;2018;4;10.75;10.64;10.75;10.61;0
2018-04-13;2018;4;10.52;10.72;10.74;10.5;0
2018-04-16;2018;4;10.33;10.54;10.58;10.28;0
2018-04-17;2018;4;10.52;10.35;10.55;10.3;0
2018-04-18;2018;4;10.73;10.6;10.81;10.6;0
2018-04-19;2018;4;10.56;10.75;10.75;10.5;0
2018-04-20;2018;4;10.48;10.56;10.57;10.39;0
2018-04-23;2018;4;10.52;10.44;10.52;10.35;0
2018-04-24;2018;4;10.49;10.56;10.63;10.46;0
2018-04-25;2018;4;10.56;10.43;10.56;10.38;0
2018-04-26;2018;4;10.9;10.59;10.9;10.57;0
2018-04-27;2018;4;10.91;10.92;10.95;10.67;0
2018-04-30;2018;4;10.85;10.93;10.97;10.79;0
2018-05-02;2018;5;10.2;10.78;10.78;10.16;0
2018-05-03;2018;5;9.93;10.24;10.32;9.91;0
2018-05-04;2018;5;9.77;9.92;9.97;9.77;0
2018-05-07;2018;5;9.78;9.81;9.85;9.73;0
2018-05-08;2018;5;9.81;9.82;9.87;9.68;0
2018-05-09;2018;5;9.83;9.87;9.91;9.73;0
2018-05-10;2018;5;10.16;9.89;10.16;9.89;0
2018-05-11;2018;5;10;10.11;10.19;9.91;0
2018-05-14;2018;5;9.85;10.02;10.05;9.73;0
2018-05-15;2018;5;9.72;9.69;9.86;9.54;0
2018-05-16;2018;5;9.81;9.7;9.87;9.67;0
2018-05-17;2018;5;9.38;9.73;9.74;9.34;0
2018-05-18;2018;5;9.25;9.26;9.29;9.02;0
2018-05-21;2018;5;9.19;9.43;9.46;9.11;0
2018-05-22;2018;5;9.59;9.29;9.69;9.22;0
2018-05-23;2018;5;9.37;9.45;9.55;9.34;0
2018-05-24;2018;5;9.52;9.25;9.53;9.19;0
2018-05-25;2018;5;9.38;9.59;9.62;9.31;0
2018-05-28;2018;5;8.99;9.24;9.24;8.93;0
2018-05-29;2018;5;8.93;9.06;9.17;8.87;0
2018-05-30;2018;5;8.95;8.94;9.02;8.83;0
2018-06-01;2018;6;9.09;9.22;9.25;8.8;0
2018-06-04;2018;6;9.38;9.17;9.38;9.14;0
2018-06-05;2018;6;8.91;9.31;9.35;8.87;0
2018-06-06;2018;6;8.79;8.89;8.9;8.64;0
2018-06-07;2018;6;8.26;8.61;8.68;7.96;0
2018-06-08;2018;6;8.27;8.3;8.4;8.04;0
2018-06-11;2018;6;8.08;8.33;8.37;7.98;0
2018-06-12;2018;6;8.07;8.06;8.19;7.96;0
2018-06-13;2018;6;8.01;8.08;8.13;7.85;0
2018-06-14;2018;6;7.75;8.08;8.09;7.74;0
2018-06-15;2018;6;7.82;7.77;7.85;7.62;0
2018-06-18;2018;6;7.56;7.77;7.77;7.54;0
2018-06-19;2018;6;7.9;7.53;8.06;7.47;0
2018-06-20;2018;6;8.06;8.05;8.14;7.84;0
2018-06-21;2018;6;7.82;8;8.11;7.82;0
2018-06-22;2018;6;7.89;7.9;7.97;7.78;0
2018-06-25;2018;6;7.85;7.96;7.99;7.78;0
2018-06-26;2018;6;7.98;7.91;7.99;7.82;0
2018-06-27;2018;6;7.75;7.99;8.04;7.71;0
2018-06-28;2018;6;7.94;7.82;8.02;7.8;0
2018-06-29;2018;6;8.06;8.04;8.17;8.01;0
2018-07-02;2018;7;8.15;8.04;8.16;8.02;0
2018-07-03;2018;7;8.42;8.26;8.49;8.21;0
2018-07-04;2018;7;8.5;8.5;8.58;8.34;0
2018-07-05;2018;7;8.52;8.57;8.59;8.37;0
2018-07-06;2018;7;8.54;8.52;8.62;8.45;0
2018-07-10;2018;7;8.55;8.62;8.69;8.4;0
2018-07-11;2018;7;8.58;8.49;8.62;8.45;0
2018-07-12;2018;7;8.7;8.61;8.76;8.61;0
2018-07-13;2018;7;8.9;8.73;8.91;8.66;0
2018-07-16;2018;7;8.95;8.88;8.99;8.81;0
2018-07-17;2018;7;9.12;8.94;9.21;8.82;0
2018-07-18;2018;7;9.12;9.13;9.21;9.06;0
2018-07-19;2018;7;9.25;9.05;9.25;8.88;0
2018-07-20;2018;7;9.55;9.54;9.61;9.43;0
2018-07-23;2018;7;9.31;9.49;9.52;9.26;0
2018-07-24;2018;7;9.33;9.44;9.47;9.3;0
2018-07-25;2018;7;9.63;9.38;9.7;9.38;0
2018-07-26;2018;7;9.46;9.7;9.7;9.43;0
2018-07-27;2018;7;9.43;9.49;9.59;9.38;0
2018-07-30;2018;7;9.53;9.49;9.6;9.44;0
2018-07-31;2018;7;9.15;9.36;9.38;9.11;0
2018-08-01;2018;8;9.35;9.18;9.37;9.14;0
2018-08-02;2018;8;9.41;9.28;9.46;9.22;0
2018-08-03;2018;8;9.69;9.47;9.7;9.46;0
2018-08-06;2018;8;9.55;9.7;9.7;9.52;0
2018-08-07;2018;8;9.53;9.58;9.63;9.33;0
2018-08-08;2018;8;9.33;9.57;9.66;9.31;0
2018-08-09;2018;8;9.14;9.34;9.42;9.14;0
2018-08-10;2018;8;8.79;9.06;9.06;8.66;0
2018-08-13;2018;8;8.75;8.69;8.86;8.55;0
2018-08-14;2018;8;8.96;8.87;8.99;8.79;0
2018-08-15;2018;8;8.94;8.83;8.95;8.79;0
2018-08-16;2018;8;8.85;8.98;8.99;8.82;0
2018-08-17;2018;8;8.74;8.8;8.85;8.7;0
2018-08-20;2018;8;8.54;8.61;8.66;8.5;0
2018-08-21;2018;8;8.34;8.52;8.54;8.25;0
2018-08-22;2018;8;8.53;8.28;8.55;8.23;0
2018-08-23;2018;8;8.3;8.54;8.57;8.2;0
2018-08-24;2018;8;8.33;8.4;8.45;8.26;0
2018-08-27;2018;8;8.57;8.37;8.58;8.37;0
2018-08-28;2018;8;8.43;8.6;8.62;8.37;0
2018-08-29;2018;8;8.67;8.44;8.67;8.43;0
2018-08-30;2018;8;8.28;8.57;8.6;8.27;0
2018-08-31;2018;8;8.42;8.33;8.43;8.25;0
2018-09-03;2018;9;8.33;8.34;8.36;8.28;0
2018-09-04;2018;9;8.23;8.36;8.39;8.18;0
2018-09-05;2018;9;8.23;8.18;8.31;8.12;0
2018-09-06;2018;9;8.53;8.3;8.57;8.18;0
2018-09-10;2018;9;8.52;8.58;8.64;8.44;0
2018-09-11;2018;9;8.17;8.37;8.37;8.17;0
2018-09-12;2018;9;8.22;8.27;8.34;8.21;0
2018-09-13;2018;9;8.28;8.29;8.31;8.16;0
2018-09-14;2018;9;8.47;8.28;8.48;8.24;0
2018-09-17;2018;9;8.6;8.4;8.61;8.38;0
2018-09-18;2018;9;8.72;8.59;8.79;8.57;0
2018-09-19;2018;9;8.71;8.65;8.85;8.6;0
2018-09-20;2018;9;8.58;8.8;8.83;8.57;0
2018-09-21;2018;9;8.68;8.66;8.82;8.61;0
2018-09-24;2018;9;8.44;8.65;8.71;8.42;0
2018-09-25;2018;9;8.51;8.33;8.53;8.3;0
2018-09-26;2018;9;8.58;8.55;8.71;8.52;0
2018-09-27;2018;9;8.84;8.62;8.88;8.62;0
2018-09-28;2018;9;8.88;8.74;8.88;8.68;0
2018-10-01;2018;10;8.79;8.89;8.93;8.73;0
2018-10-02;2018;10;9.15;8.97;9.19;8.97;0
2018-10-03;2018;10;9.45;9.59;9.75;9.39;0
2018-10-04;2018;10;9.38;9.4;9.41;9.17;0
2018-10-05;2018;10;9.26;9.5;9.54;9.19;0
2018-10-08;2018;10;9.83;9.86;10.09;9.63;0
2018-10-09;2018;10;9.75;9.82;9.9;9.7;0
2018-10-10;2018;10;9.51;9.59;9.67;9.51;0
2018-10-11;2018;10;9.46;9.57;9.61;9.37;0
2018-10-15;2018;10;9.52;9.54;9.66;9.5;0
2018-10-16;2018;10;9.91;9.61;9.91;9.58;0
2018-10-17;2018;10;9.83;9.83;9.94;9.71;0
2018-10-18;2018;10;9.53;9.76;9.77;9.53;0
2018-10-19;2018;10;9.51;9.6;9.66;9.41;0
2018-10-22;2018;10;9.66;9.59;9.68;9.59;0
2018-10-23;2018;10;9.64;9.53;9.68;9.46;0
2018-10-24;2018;10;9.41;9.67;9.69;9.35;0
2018-10-25;2018;10;9.52;9.46;9.66;9.41;0
2018-10-26;2018;10;9.71;9.55;9.71;9.48;0
2018-10-29;2018;10;9.58;9.97;10.02;9.4;0
2018-10-30;2018;10;9.95;9.49;10;9.42;0
2018-10-31;2018;10;9.89;10.01;10.1;9.73;0
2018-11-01;2018;11;10.03;9.92;10.06;9.85;0
2018-11-05;2018;11;10.12;10.04;10.23;10.01;0
2018-11-06;2018;11;10.16;10.03;10.22;10;0
2018-11-07;2018;11;10.2;10.17;10.26;10.04;0
2018-11-08;2018;11;9.94;10.22;10.28;9.94;0
2018-11-09;2018;11;10.16;9.92;10.17;9.86;0
2018-11-12;2018;11;10.06;10.17;10.18;10.01;0
2018-11-13;2018;11;9.99;10.12;10.16;9.89;0
2018-11-14;2018;11;10.16;9.99;10.16;9.95;0
2018-11-16;2018;11;10.55;10.16;10.55;10.15;0
2018-11-19;2018;11;10.62;10.53;10.62;10.44;0
2018-11-21;2018;11;10.42;10.51;10.59;10.34;0
2018-11-22;2018;11;10.41;10.44;10.48;10.36;0
2018-11-23;2018;11;10.27;10.27;10.29;10.16;0
2018-11-26;2018;11;10.08;10.33;10.39;9.99;0
2018-11-27;2018;11;10.47;10.1;10.47;10.06;0
2018-11-28;2018;11;10.72;10.46;10.72;10.36;0
2018-11-29;2018;11;10.82;10.63;10.89;10.62;0
2018-11-30;2018;11;10.69;10.77;10.94;10.69;0
2018-12-03;2018;12;10.61;10.87;10.93;10.55;0
2018-12-04;2018;12;10.45;10.61;10.69;10.33;0
2018-12-05;2018;12;10.45;10.5;10.52;10.33;0
2018-12-06;2018;12;10.72;10.32;10.72;10.29;0
2018-12-07;2018;12;10.52;10.71;10.81;10.47;0
2018-12-10;2018;12;10.19;10.52;10.54;10.19;0
2018-12-11;2018;12;10.23;10.33;10.36;10.08;0
2018-12-12;2018;12;10.33;10.28;10.42;10.25;0
2018-12-13;2018;12;10.5;10.36;10.5;10.28;0
2018-12-14;2018;12;10.57;10.41;10.57;10.39;0
2018-12-17;2018;12;10.28;10.56;10.56;10.26;0
2018-12-18;2018;12;10.33;10.33;10.44;10.27;0
2018-12-19;2018;12;10.32;10.43;10.5;10.32;0
2018-12-20;2018;12;10.31;10.37;10.44;10.22;0
2018-12-21;2018;12;10.2;10.33;10.43;10.16;0
2018-12-26;2018;12;10.07;10.16;10.16;9.96;0
2018-12-27;2018;12;10.24;10.07;10.27;10.06;0
2018-12-28;2018;12;10.49;10.33;10.56;10.27;0
2019-01-02;2019;1;10.98;10.51;11.03;10.49;0
2019-01-03;2019;1;11.08;10.93;11.08;10.86;0
2019-01-04;2019;1;11.04;10.99;11.14;10.9;0
2019-01-07;2019;1;11.03;11.03;11.13;10.96;0
2019-01-08;2019;1;11.18;11.03;11.18;10.9;0
2019-01-09;2019;1;11.33;11.23;11.35;11.15;0
2019-01-10;2019;1;11.25;11.29;11.46;11.23;0
2019-01-11;2019;1;11.11;11.24;11.25;11.04;0
2019-01-14;2019;1;11.28;11.12;11.28;11.09;0
2019-01-15;2019;1;11.21;11.23;11.23;11.03;0
2019-01-16;2019;1;11.22;11.21;11.23;11.11;0
2019-01-17;2019;1;11.23;11.2;11.25;11.08;0
2019-01-18;2019;1;11.23;11.23;11.36;11.22;0
2019-01-21;2019;1;11.18;11.26;11.26;11.08;0
2019-01-22;2019;1;11.13;11.17;11.24;11.03;0
2019-01-23;2019;1;11.28;11.16;11.38;11.1;0
2019-01-24;2019;1;11.46;11.29;11.59;11.29;0
2019-01-28;2019;1;11.71;11.42;11.77;11.36;0
2019-01-29;2019;1;11.52;11.76;11.76;11.52;0
2019-01-30;2019;1;11.65;11.58;11.65;11.33;0
2019-01-31;2019;1;11.72;11.65;11.9;11.64;0
2019-02-01;2019;2;11.76;11.72;11.76;11.57;0
2019-02-04;2019;2;11.98;11.72;11.98;11.59;0
2019-02-05;2019;2;11.61;11.71;11.76;11.5;0
2019-02-06;2019;2;11.11;11.55;11.56;11.11;0
2019-02-07;2019;2;11.13;11.16;11.31;10.99;0
2019-02-08;2019;2;11.49;11.1;11.49;11.05;0
2019-02-11;2019;2;11.41;11.45;11.48;11.23;0
2019-02-12;2019;2;11.6;11.5;11.63;11.43;0
2019-02-13;2019;2;11.35;11.58;11.63;11.29;0
2019-02-14;2019;2;11.63;11.36;11.63;11.18;0
2019-02-15;2019;2;11.49;11.54;11.58;11.34;0
2019-02-18;2019;2;11.25;11.47;11.48;11.24;0
2019-02-19;2019;2;11.49;11.45;11.65;11.4;0
2019-02-20;2019;2;11.46;11.67;11.73;11.45;0
2019-02-21;2019;2;11.77;11.55;11.77;11.53;0
2019-02-22;2019;2;11.87;11.87;11.92;11.73;0
2019-02-25;2019;2;11.79;11.87;11.92;11.69;0
2019-02-26;2019;2;11.8;11.81;11.87;11.78;0
2019-02-27;2019;2;11.63;11.82;11.85;11.59;0
2019-02-28;2019;2;11.38;11.44;11.69;11.34;0
2019-03-01;2019;3;11.3;11.43;11.51;11.29;0
2019-03-06;2019;3;11.13;11.41;11.41;11.1;0
2019-03-07;2019;3;11.33;11.13;11.42;11.07;0
2019-03-08;2019;3;11.53;11.3;11.6;11.22;0
2019-03-11;2019;3;11.85;11.61;11.88;11.57;0
2019-03-12;2019;3;11.89;11.87;11.89;11.75;0
2019-03-13;2019;3;11.96;11.84;12.02;11.72;0
2019-03-14;2019;3;11.77;11.93;11.96;11.68;0
2019-03-15;2019;3;11.8;11.76;11.87;11.75;0
2019-03-18;2019;3;11.88;11.83;11.91;11.77;0
2019-03-19;2019;3;11.69;11.87;11.88;11.67;0
2019-03-20;2019;3;11.49;11.69;11.72;11.48;0
2019-03-21;2019;3;11.32;11.52;11.55;11.14;0
2019-03-22;2019;3;10.99;11.15;11.16;10.87;0
2019-03-25;2019;3;11.02;10.99;11.12;10.87;0
2019-03-26;2019;3;11.09;11.13;11.17;10.98;0
2019-03-27;2019;3;10.53;10.96;10.96;10.53;0
2019-03-28;2019;3;11.1;10.53;11.11;10.47;0
2019-03-29;2019;3;11.04;11.19;11.22;10.96;0
2019-04-01;2019;4;11.04;11.15;11.2;10.97;0
2019-04-02;2019;4;10.94;11.07;11.11;10.9;0
2019-04-03;2019;4;10.83;11.06;11.11;10.75;0
2019-04-04;2019;4;10.87;10.88;11.09;10.81;0
2019-04-05;2019;4;11.12;10.97;11.16;10.87;0
2019-04-08;2019;4;11.11;11.15;11.16;11.01;0
2019-04-09;2019;4;10.95;11.06;11.06;10.87;0
2019-04-10;2019;4;10.89;10.99;11.01;10.88;0
2019-04-11;2019;4;10.75;10.88;10.89;10.64;0
2019-04-12;2019;4;10.64;10.64;10.94;10.54;0
2019-04-15;2019;4;10.63;10.75;10.8;10.51;0
2019-04-16;2019;4;10.72;10.63;10.77;10.58;0
2019-04-17;2019;4;10.57;10.74;10.81;10.42;0
2019-04-18;2019;4;10.68;10.61;10.78;10.47;0
2019-04-22;2019;4;10.64;10.63;10.7;10.49;0
2019-04-23;2019;4;10.92;10.69;10.93;10.68;0
2019-04-24;2019;4;10.92;10.92;10.99;10.72;0
2019-04-25;2019;4;11.1;10.82;11.1;10.69;0
2019-04-26;2019;4;11.08;11.07;11.15;10.99;0
2019-04-29;2019;4;10.87;11.11;11.14;10.87;0
2019-04-30;2019;4;10.98;10.9;11.03;10.83;0
2019-05-02;2019;5;11.01;10.93;11.06;10.88;0
2019-05-03;2019;5;10.85;11.07;11.1;10.85;0
2019-05-06;2019;5;10.54;10.74;10.78;10.54;0
2019-05-07;2019;5;10.54;10.54;10.54;10.3;0
2019-05-08;2019;5;10.63;10.59;10.82;10.58;0
2019-05-09;2019;5;10.59;10.59;10.63;10.45;0
2019-05-10;2019;5;10.55;10.59;10.63;10.42;0
2019-05-13;2019;5;10.37;10.37;10.46;10.31;0
2019-05-14;2019;5;10.39;10.43;10.49;10.32;0
2019-05-15;2019;5;10.37;10.28;10.4;10.17;0
2019-05-16;2019;5;10.21;10.28;10.34;10.16;0
2019-05-17;2019;5;10.21;10.21;10.43;10.16;0
2019-05-20;2019;5;10.54;10.27;10.58;10.23;0
2019-05-21;2019;5;10.87;10.59;10.87;10.54;0
2019-05-22;2019;5;10.8;10.87;10.94;10.75;0
2019-05-23;2019;5;10.76;10.74;10.83;10.66;0
2019-05-24;2019;5;10.64;10.83;10.87;10.61;0
2019-05-27;2019;5;10.67;10.73;10.83;10.66;0
2019-05-28;2019;5;10.94;10.71;10.97;10.69;0
2019-05-29;2019;5;11.21;10.91;11.32;10.88;0
2019-05-30;2019;5;11.36;11.19;11.43;11.19;0
2019-05-31;2019;5;11.42;11.34;11.47;11.28;0
2019-06-03;2019;6;11.46;11.46;11.54;11.38;0
2019-06-04;2019;6;11.49;11.47;11.56;11.42;0
2019-06-05;2019;6;11.22;11.53;11.54;11.22;0
2019-06-06;2019;6;11.34;11.34;11.39;11.21;0
2019-06-07;2019;6;11.45;11.38;11.52;11.34;0
2019-06-10;2019;6;11.27;11.45;11.46;11.1;0
2019-06-11;2019;6;11.3;11.31;11.35;11.18;0
2019-06-12;2019;6;11.24;11.29;11.37;11.14;0
2019-06-13;2019;6;11.1;11.24;11.28;11.05;0
2019-06-14;2019;6;11.06;11.08;11.1;10.92;0
2019-06-17;2019;6;11.05;11.06;11.12;10.99;0
2019-06-18;2019;6;11.26;11.15;11.26;11.11;0
2019-06-19;2019;6;11.43;11.24;11.43;11.14;0
2019-06-21;2019;6;11.63;11.45;11.64;11.44;0
2019-06-24;2019;6;11.68;11.65;11.74;11.59;0
2019-06-25;2019;6;11.61;11.65;11.75;11.52;0
2019-06-26;2019;6;11.98;11.66;12;11.66;0
2019-06-27;2019;6;11.94;11.86;12.06;11.77;0
2019-06-28;2019;6;11.9;12.06;12.06;11.89;0
2019-07-01;2019;7;11.93;12;12.05;11.84;0
2019-07-02;2019;7;11.8;11.94;12;11.78;0
2019-07-03;2019;7;11.98;11.77;12.02;11.75;0
2019-07-04;2019;7;12.14;12.06;12.28;12.04;0
2019-07-05;2019;7;12.25;12.14;12.26;12.06;0
2019-07-08;2019;7;12.26;12.23;12.3;12.16;0
2019-07-10;2019;7;12.31;12.37;12.42;12.25;0
2019-07-11;2019;7;12.18;12.23;12.26;12.12;0
2019-07-12;2019;7;12;12.22;12.25;12;0
2019-07-15;2019;7;11.95;12.05;12.09;11.87;0
2019-07-16;2019;7;11.9;11.95;12;11.83;0
2019-07-17;2019;7;11.94;11.92;12.04;11.88;0
2019-07-18;2019;7;12.19;11.97;12.19;11.9;0
2019-07-19;2019;7;12.05;12.17;12.17;12;0
2019-07-22;2019;7;12.23;12.08;12.28;12.06;0
2019-07-23;2019;7;12.3;12.26;12.39;12.15;0
2019-07-24;2019;7;12.28;12.31;12.45;12.25;0
2019-07-25;2019;7;11.91;12.3;12.36;11.85;0
2019-07-26;2019;7;12.01;11.96;12.14;11.89;0
2019-07-29;2019;7;11.99;12;12.14;11.89;0
2019-07-30;2019;7;11.8;11.99;11.99;11.7;0
2019-07-31;2019;7;11.51;11.82;11.83;11.47;0
2019-08-01;2019;8;11.58;11.59;11.85;11.5;0
2019-08-02;2019;8;11.5;11.63;11.64;11.37;0
2019-08-05;2019;8;11.32;11.32;11.39;11.22;0
2019-08-06;2019;8;11.69;11.4;11.71;11.4;0
2019-08-07;2019;8;11.99;11.56;11.99;11.46;0
2019-08-08;2019;8;12.11;12.03;12.15;11.96;0
2019-08-09;2019;8;12.06;12.11;12.15;11.94;0
2019-08-12;2019;8;11.63;11.88;11.88;11.62;0
2019-08-13;2019;8;11.93;11.76;11.99;11.65;0
2019-08-14;2019;8;11.77;11.82;11.83;11.7;0
2019-08-15;2019;8;11.82;11.86;11.9;11.68;0
2019-08-16;2019;8;11.86;11.92;11.99;11.74;0
2019-08-19;2019;8;11.65;11.96;11.98;11.58;0
2019-08-20;2019;8;11.47;11.64;11.73;11.43;0
2019-08-21;2019;8;11.62;11.61;11.73;11.53;0
2019-08-22;2019;8;11.43;11.64;11.72;11.41;0
2019-08-23;2019;8;11.27;11.35;11.54;11.18;0
2019-08-26;2019;8;11.22;11.41;11.44;11.07;0
2019-08-27;2019;8;11.4;11.27;11.48;11.2;0
2019-08-28;2019;8;11.57;11.28;11.57;11.23;0
2019-08-29;2019;8;11.63;11.6;11.7;11.38;0
2019-08-30;2019;8;11.65;11.73;11.75;11.54;0
2019-09-02;2019;9;11.53;11.65;11.7;11.5;0
2019-09-03;2019;9;11.35;11.52;11.63;11.3;0
2019-09-04;2019;9;11.53;11.51;11.53;11.36;0
2019-09-05;2019;9;11.95;11.6;12.01;11.57;0
2019-09-06;2019;9;12.3;11.98;12.31;11.98;0
2019-09-09;2019;9;12.45;12.3;12.54;12.29;0
2019-09-10;2019;9;12.33;12.45;12.52;12.25;0
2019-09-11;2019;9;12.29;12.38;12.4;12.23;0
2019-09-12;2019;9;12.45;12.35;12.53;12.34;0
2019-09-13;2019;9;12.5;12.47;12.7;12.42;0
2019-09-16;2019;9;12.46;12.48;12.48;12.28;0
2019-09-17;2019;9;12.52;12.39;12.53;12.33;0
2019-09-18;2019;9;12.54;12.55;12.58;12.37;0
2019-09-19;2019;9;12.42;12.59;12.69;12.37;0
2019-09-20;2019;9;12.58;12.53;12.58;12.37;0
2019-09-23;2019;9;12.44;12.5;12.54;12.37;0
2019-09-24;2019;9;12.4;12.49;12.5;12.32;0
2019-09-25;2019;9;12.48;12.35;12.51;12.3;0
2019-09-26;2019;9;12.75;12.48;12.75;12.42;0
2019-09-27;2019;9;12.72;12.71;12.77;12.59;0
2019-09-30;2019;9;12.52;12.72;12.77;12.52;0
2019-10-01;2019;10;12.3;12.54;12.55;12.3;0
2019-10-02;2019;10;12.02;12.21;12.21;11.98;0
2019-10-03;2019;10;11.87;12.04;12.07;11.81;0
2019-10-04;2019;10;11.88;11.92;11.92;11.71;0
2019-10-07;2019;10;11.57;11.88;11.96;11.57;0
2019-10-08;2019;10;11.53;11.64;11.76;11.5;0
2019-10-09;2019;10;11.71;11.64;11.78;11.55;0
2019-10-10;2019;10;11.81;11.7;11.84;11.67;0
2019-10-11;2019;10;12.06;11.86;12.13;11.84;0
2019-10-14;2019;10;12.26;12.05;12.26;12.01;0
2019-10-15;2019;10;12.28;12.25;12.39;12.2;0
2019-10-16;2019;10;12.51;12.25;12.53;12.09;0
2019-10-17;2019;10;12.49;12.47;12.59;12.4;0
2019-10-18;2019;10;12.41;12.44;12.49;12.37;0
2019-10-21;2019;10;12.59;12.41;12.59;12.36;0
2019-10-22;2019;10;12.88;12.59;12.88;12.58;0
2019-10-23;2019;10;12.97;12.86;13.04;12.78;0
2019-10-24;2019;10;12.97;12.97;13.05;12.88;0
2019-10-25;2019;10;13.1;12.98;13.16;12.98;0
2019-10-28;2019;10;13.21;13.04;13.26;13.02;0
2019-10-29;2019;10;13.09;13.17;13.2;13.08;0
2019-10-30;2019;10;13.25;13.06;13.29;12.91;0
2019-10-31;2019;10;13.02;13.17;13.17;12.93;0
2019-11-01;2019;11;13.07;13.06;13.16;12.9;0
2019-11-04;2019;11;13.2;13.11;13.23;13.04;0
2019-11-05;2019;11;13.36;13.46;13.53;13.31;0
2019-11-06;2019;11;13.26;13.36;13.53;13.22;0
2019-11-07;2019;11;13.24;13.32;13.37;13.15;0
2019-11-08;2019;11;13.07;13.2;13.24;12.97;0
2019-11-11;2019;11;13.19;13.06;13.19;12.98;0
2019-11-12;2019;11;13.04;13.09;13.09;12.82;0
2019-11-13;2019;11;12.82;12.98;13.01;12.72;0
2019-11-14;2019;11;12.95;12.83;12.97;12.75;0
2019-11-18;2019;11;12.92;13.04;13.13;12.92;0
2019-11-19;2019;11;12.75;12.94;12.98;12.68;0
2019-11-21;2019;11;12.83;12.73;12.86;12.71;0
2019-11-22;2019;11;13.02;12.83;13.02;12.8;0
2019-11-25;2019;11;12.71;13.03;13.05;12.71;0
2019-11-26;2019;11;12.4;12.71;12.72;12.35;0
2019-11-27;2019;11;12.56;12.45;12.64;12.36;0
2019-11-28;2019;11;12.59;12.49;12.61;12.4;0
2019-11-29;2019;11;12.6;12.6;12.67;12.48;0
2019-12-02;2019;12;12.69;12.64;12.75;12.62;0
2019-12-03;2019;12;12.66;12.74;12.78;12.59;0
2019-12-04;2019;12;12.97;12.68;12.97;12.66;0
2019-12-05;2019;12;12.91;12.97;13.11;12.9;0
2019-12-06;2019;12;12.78;12.96;13.01;12.77;0
2019-12-09;2019;12;12.99;12.84;13.06;12.8;0
2019-12-10;2019;12;12.97;12.99;13.11;12.86;0
2019-12-11;2019;12;12.94;13.09;13.11;12.89;0
2019-12-12;2019;12;12.92;13;13.09;12.92;0
2019-12-13;2019;12;13.02;13;13.02;12.82;0
2019-12-16;2019;12;12.89;13.06;13.2;12.89;0
2019-12-17;2019;12;13.14;13;13.14;12.95;0
2019-12-18;2019;12;13.27;13.12;13.27;13.05;0
2019-12-19;2019;12;13.28;13.21;13.28;13.11;0
2019-12-20;2019;12;13.16;13.28;13.28;13.15;0
2019-12-23;2019;12;13.26;13.2;13.26;13.15;0
2019-12-26;2019;12;13.48;13.24;13.48;13.22;0
2019-12-27;2019;12;13.43;13.49;13.55;13.29;0
2019-12-30;2019;12;13.39;13.43;13.53;13.31;0
2020-01-02;2020;1;13.64;13.44;13.66;13.37;1
2020-01-03;2020;1;13.44;13.49;13.65;13.42;1
2020-01-06;2020;1;13.41;13.42;13.5;13.31;1
2020-01-07;2020;1;13.23;13.42;13.44;13.13;1
2020-01-08;2020;1;13.03;13.26;13.35;13;1
2020-01-09;2020;1;12.77;13.06;13.09;12.75;1
2020-01-10;2020;1;12.69;12.83;12.98;12.62;1
2020-01-13;2020;1;12.86;12.8;12.91;12.72;1
2020-01-14;2020;1;13;12.85;13;12.7;1
2020-01-15;2020;1;12.79;12.95;12.95;12.71;1
2020-01-16;2020;1;12.82;12.83;12.88;12.71;1
2020-01-17;2020;1;12.92;12.83;12.97;12.83;1
2020-01-20;2020;1;12.74;12.91;12.95;12.64;1
2020-01-21;2020;1;12.45;12.7;12.73;12.45;1
2020-01-22;2020;1;12.63;12.55;12.67;12.51;1
2020-01-23;2020;1;12.88;12.55;12.91;12.51;1
2020-01-24;2020;1;12.69;12.92;12.92;12.65;1
2020-01-27;2020;1;12.41;12.54;12.59;12.32;1
2020-01-28;2020;1;12.46;12.5;12.56;12.43;1
2020-01-29;2020;1;12.32;12.52;12.52;12.31;1
2020-01-30;2020;1;12.43;12.25;12.43;12.14;1
2020-01-31;2020;1;12.22;12.28;12.33;12.09;1
2020-02-03;2020;2;12.21;12.24;12.33;12.17;1
2020-02-04;2020;2;12.24;12.36;12.4;12.22;1
2020-02-05;2020;2;12.31;12.4;12.53;12.28;1
2020-02-06;2020;2;12.18;12.44;12.44;12.15;1
2020-02-07;2020;2;12.15;12.16;12.32;12.11;1
2020-02-10;2020;2;12.4;12.21;12.51;12.12;1
2020-02-11;2020;2;12.62;12.56;12.72;12.44;1
2020-02-12;2020;2;12.7;12.66;12.84;12.59;1
2020-02-13;2020;2;12.51;12.61;12.7;12.48;1
2020-02-14;2020;2;12.35;12.5;12.51;12.35;1
2020-02-17;2020;2;12.35;12.45;12.51;12.35;1
2020-02-18;2020;2;12.53;12.36;12.53;12.24;1
2020-02-19;2020;2;12.68;12.53;12.8;12.5;1
2020-02-20;2020;2;12.59;12.71;12.76;12.51;1
2020-02-21;2020;2;12.59;12.51;12.59;12.36;1
2020-02-26;2020;2;11.87;12.05;12.17;11.8;1
2020-02-27;2020;2;11.67;11.78;11.98;11.67;1
2020-02-28;2020;2;11.81;11.66;11.84;11.5;1
2020-03-02;2020;3;12.12;11.87;12.13;11.8;1
2020-03-03;2020;3;11.95;12.05;12.2;11.75;1
2020-03-04;2020;3;12.01;12.09;12.1;11.84;1
2020-03-05;2020;3;11.65;11.98;12.01;11.5;1
2020-03-06;2020;3;11.38;11.37;11.56;11.25;1
2020-03-09;2020;3;10.67;10.78;10.83;10.56;1
2020-03-10;2020;3;10.89;11.16;11.39;10.62;1
2020-03-11;2020;3;10.24;10.72;10.83;9.72;1
2020-03-12;2020;3;9.13;9.11;9.7;8.93;1
2020-03-13;2020;3;10.04;10.34;10.4;9.13;1
2020-03-16;2020;3;8.96;9.01;9.64;8.96;1
2020-03-17;2020;3;9.39;9.22;9.85;8.93;1
2020-03-18;2020;3;8.93;8.81;9.16;8.43;1
2020-03-19;2020;3;8.63;8.67;8.95;8.18;1
2020-03-20;2020;3;8.18;8.94;9.02;8.15;1
2020-03-23;2020;3;7.42;8.27;8.32;7.33;1
2020-03-24;2020;3;7.95;7.94;8.28;7.82;1
2020-03-25;2020;3;8.48;7.94;8.79;7.89;1
2020-03-26;2020;3;8.84;8.53;8.97;8.53;1
2020-03-27;2020;3;8.37;8.48;8.71;8.37;1
2020-03-30;2020;3;8.69;8.44;8.73;8.34;1
2020-03-31;2020;3;8.64;8.68;8.85;8.48;1
2020-04-01;2020;4;8.13;8.37;8.37;8.12;1
2020-04-02;2020;4;8.24;8.15;8.43;8.09;1
2020-04-03;2020;4;7.99;8.17;8.17;7.79;1
2020-04-06;2020;4;8.58;8.39;8.7;8.37;1
2020-04-07;2020;4;8.83;8.95;9.18;8.83;1
2020-04-08;2020;4;9.18;8.89;9.32;8.8;1
2020-04-09;2020;4;9.1;9.31;9.45;9.08;1
2020-04-13;2020;4;9.35;9.07;9.35;8.92;1
2020-04-14;2020;4;9.45;9.5;9.73;9.4;1
2020-04-15;2020;4;9.16;9.28;9.44;9.16;1
2020-04-16;2020;4;8.88;9.27;9.36;8.86;1
2020-04-17;2020;4;9;9.11;9.15;8.82;1
2020-04-20;2020;4;8.83;8.82;8.96;8.76;1
2020-04-22;2020;4;8.82;8.86;9.01;8.73;1
2020-04-23;2020;4;8.71;8.9;8.95;8.62;1
2020-04-24;2020;4;8.27;8.59;8.6;8.04;1
2020-04-27;2020;4;8.54;8.56;8.79;8.4;1
2020-04-28;2020;4;9.14;8.96;9.21;8.91;1
2020-04-29;2020;4;9.12;9.32;9.38;8.98;1
2020-04-30;2020;4;8.86;8.8;8.99;8.71;1
2020-05-04;2020;5;8.57;8.57;8.61;8.5;1
2020-05-05;2020;5;8.77;8.67;8.94;8.6;1
2020-05-06;2020;5;8.57;8.77;8.8;8.52;1
2020-05-07;2020;5;8.16;8.67;8.7;8.11;1
2020-05-08;2020;5;8.36;8.36;8.59;8.31;1
2020-05-11;2020;5;8.29;8.35;8.57;8.29;1
2020-05-12;2020;5;8.06;8.28;8.36;8.04;1
2020-05-13;2020;5;8.09;8.13;8.17;7.85;1
2020-05-14;2020;5;8.39;7.98;8.42;7.72;1
2020-05-15;2020;5;8.02;8.32;8.41;8.02;1
2020-05-18;2020;5;8.41;8.3;8.45;8.13;1
2020-05-19;2020;5;8.11;8.37;8.39;8.08;1
2020-05-20;2020;5;8.12;8.13;8.22;8.08;1
2020-05-21;2020;5;8.56;8.15;8.59;8.15;1
2020-05-22;2020;5;8.73;8.47;8.88;8.38;1
2020-05-25;2020;5;9.1;9.04;9.11;8.91;1
2020-05-26;2020;5;8.78;9.16;9.29;8.7;1
2020-05-27;2020;5;8.97;8.95;9.01;8.84;1
2020-05-28;2020;5;8.86;8.93;9.07;8.86;1
2020-05-29;2020;5;8.73;8.82;8.83;8.65;1
2020-06-01;2020;6;8.95;8.73;9.03;8.65;1
2020-06-02;2020;6;9.42;9.06;9.46;9.03;1
2020-06-03;2020;6;9.68;9.74;9.86;9.65;1
2020-06-04;2020;6;9.79;9.61;9.9;9.5;1
2020-06-05;2020;6;9.91;10.16;10.45;9.87;1
2020-06-08;2020;6;10.26;10.04;10.31;10.03;1
2020-06-09;2020;6;10.23;10.05;10.38;9.94;1
2020-06-10;2020;6;9.9;10.36;10.36;9.88;1
2020-06-12;2020;6;9.66;9.57;9.74;9.43;1
2020-06-15;2020;6;9.44;9.34;9.6;9.29;1
2020-06-16;2020;6;9.63;9.76;9.79;9.52;1
2020-06-17;2020;6;9.8;9.68;9.93;9.63;1
2020-06-18;2020;6;10.12;9.76;10.22;9.73;1
2020-06-19;2020;6;10.27;10.29;10.33;10.08;1
2020-06-22;2020;6;10.02;10.24;10.26;9.91;1
2020-06-23;2020;6;9.93;10.15;10.2;9.81;1
2020-06-24;2020;6;9.64;9.9;9.92;9.6;1
2020-06-25;2020;6;9.83;9.7;9.87;9.58;1
2020-06-26;2020;6;9.53;9.7;9.78;9.47;1
2020-06-29;2020;6;9.76;9.61;9.77;9.53;1
2020-06-30;2020;6;9.47;9.67;9.72;9.46;1
2020-07-01;2020;7;9.66;9.54;9.74;9.51;1
2020-07-02;2020;7;9.82;9.81;10.06;9.78;1
2020-07-03;2020;7;9.84;9.82;9.91;9.71;1
2020-07-06;2020;7;10.23;10.05;10.25;9.98;1
2020-07-07;2020;7;9.86;10.15;10.18;9.84;1
2020-07-08;2020;7;10.04;9.95;10.09;9.91;1
2020-07-09;2020;7;10.07;10.06;10.11;9.94;1
2020-07-10;2020;7;10.1;10.02;10.13;9.94;1
2020-07-13;2020;7;9.91;10.12;10.19;9.91;1
2020-07-14;2020;7;10.03;9.92;10.05;9.82;1
2020-07-15;2020;7;10.14;10.12;10.22;10.05;1
2020-07-16;2020;7;10.02;10.07;10.12;10;1
2020-07-17;2020;7;10.14;10.06;10.2;10.03;1
2020-07-20;2020;7;10.28;10.17;10.34;10.09;1
2020-07-21;2020;7;10.38;10.36;10.49;10.33;1
2020-07-22;2020;7;10.38;10.43;10.6;10.28;1
2020-07-23;2020;7;10.24;10.39;10.44;10.22;1
2020-07-24;2020;7;10.31;10.2;10.47;10.09;1
2020-07-27;2020;7;10.88;10.33;10.95;10.3;1
2020-07-28;2020;7;10.74;10.81;10.96;10.74;1
2020-07-29;2020;7;10.99;10.93;11.01;10.77;1
2020-07-30;2020;7;10.77;10.83;10.89;10.62;1
2020-07-31;2020;7;10.53;10.82;10.83;10.47;1
2020-08-03;2020;8;10.56;10.59;10.76;10.39;1
2020-08-04;2020;8;10.08;10.27;10.45;10;1
2020-08-05;2020;8;10.07;10.21;10.25;9.93;1
2020-08-06;2020;8;10.19;10.09;10.25;10.01;1
2020-08-07;2020;8;10.08;10.07;10.35;10;1
2020-08-10;2020;8;10.23;10.12;10.28;10.03;1
2020-08-11;2020;8;10.07;10.28;10.33;10.07;1
2020-08-12;2020;8;9.98;10.13;10.15;9.84;1
2020-08-13;2020;8;9.73;10.04;10.12;9.72;1
2020-08-14;2020;8;9.8;9.78;9.92;9.71;1
2020-08-17;2020;8;9.5;9.76;9.78;9.44;1
2020-08-18;2020;8;9.69;9.72;9.74;9.6;1
2020-08-19;2020;8;9.62;9.74;9.75;9.62;1
2020-08-20;2020;8;9.56;9.48;9.64;9.42;1
2020-08-21;2020;8;9.62;9.54;9.62;9.49;1
2020-08-24;2020;8;9.72;9.67;9.86;9.67;1
2020-08-25;2020;8;9.64;9.79;9.81;9.59;1
2020-08-26;2020;8;9.5;9.64;9.66;9.37;1
2020-08-27;2020;8;9.58;9.49;9.74;9.48;1
2020-08-28;2020;8;9.67;9.66;9.7;9.57;1
2020-08-31;2020;8;9.33;9.62;9.62;9.33;1
2020-09-01;2020;9;9.63;9.46;9.63;9.44;1
2020-09-02;2020;9;9.51;9.65;9.67;9.45;1
2020-09-03;2020;9;9.7;9.5;9.94;9.49;1
2020-09-04;2020;9;9.68;9.78;9.83;9.62;1
2020-09-08;2020;9;9.55;9.56;9.63;9.49;1
2020-09-09;2020;9;9.59;9.61;9.69;9.53;1
2020-09-10;2020;9;9.38;9.58;9.63;9.35;1
2020-09-11;2020;9;9.19;9.4;9.41;9.14;1
2020-09-14;2020;9;9.3;9.31;9.37;9.15;1
2020-09-15;2020;9;9.18;9.41;9.41;9.16;1
2020-09-16;2020;9;9.18;9.22;9.36;9.15;1
2020-09-17;2020;9;9.17;9.12;9.25;9.07;1
2020-09-18;2020;9;8.91;9.13;9.15;8.91;1
2020-09-21;2020;9;8.9;8.81;8.92;8.71;1
2020-09-22;2020;9;8.9;8.92;9.01;8.83;1
2020-09-23;2020;9;8.72;8.86;8.93;8.72;1
2020-09-24;2020;9;8.95;8.77;9.08;8.72;1
2020-09-25;2020;9;8.94;8.92;8.99;8.85;1
2020-09-28;2020;9;8.89;9.07;9.24;8.79;1
2020-09-29;2020;9;8.74;8.9;8.91;8.72;1
2020-09-30;2020;9;8.72;8.8;8.85;8.72;1
2020-10-01;2020;10;8.82;8.77;8.84;8.68;1
2020-10-02;2020;10;8.84;8.79;9.09;8.76;1
2020-10-05;2020;10;8.88;8.85;8.93;8.71;1
2020-10-06;2020;10;8.9;8.97;9.06;8.82;1
2020-10-07;2020;10;8.82;8.92;8.94;8.8;1
2020-10-08;2020;10;9.25;8.83;9.28;8.8;1
2020-10-09;2020;10;9.28;9.2;9.44;9.09;1
2020-10-13;2020;10;9.24;9.32;9.33;9.15;1
2020-10-14;2020;10;9.21;9.24;9.29;9.16;1
2020-10-15;2020;10;9.17;9.1;9.21;9.04;1
2020-10-16;2020;10;8.99;9.12;9.15;8.98;1
2020-10-19;2020;10;9.14;9.05;9.31;8.99;1
2020-10-20;2020;10;9.42;9.21;9.49;9.2;1
2020-10-21;2020;10;9.46;9.42;9.64;9.32;1
2020-10-22;2020;10;9.81;9.49;9.87;9.47;1
2020-10-23;2020;10;9.75;9.86;10.01;9.73;1
2020-10-26;2020;10;9.82;9.75;9.87;9.63;1
2020-10-27;2020;10;9.54;9.91;9.98;9.51;1
2020-10-28;2020;10;9.1;9.3;9.38;9.08;1
2020-10-29;2020;10;9.15;9.08;9.18;8.84;1
2020-10-30;2020;10;9.01;9.08;9.15;8.94;1
2020-11-03;2020;11;9.1;9.11;9.24;9.03;1
2020-11-04;2020;11;9.31;9.55;9.58;9.25;1
2020-11-05;2020;11;9.69;9.47;9.77;9.45;1
2020-11-06;2020;11;9.74;9.64;9.79;9.61;1
2020-11-09;2020;11;10.34;10.21;10.47;10.03;1
2020-11-10;2020;11;10.67;10.34;10.73;10.31;1
2020-11-11;2020;11;10.51;10.64;10.65;10.38;1
2020-11-12;2020;11;10.38;10.48;10.59;10.26;1
2020-11-13;2020;11;10.56;10.47;10.58;10.39;1
2020-11-16;2020;11;10.78;10.7;10.87;10.64;1
2020-11-17;2020;11;10.81;10.75;10.81;10.59;1
2020-11-18;2020;11;10.61;10.74;10.8;10.59;1
2020-11-19;2020;11;10.63;10.64;10.75;10.58;1
2020-11-20;2020;11;10.54;10.61;10.67;10.47;1
2020-11-23;2020;11;10.62;10.63;10.71;10.56;1
2020-11-24;2020;11;10.84;10.67;10.98;10.67;1
2020-11-25;2020;11;10.69;10.81;10.86;10.64;1
2020-11-26;2020;11;10.62;10.62;10.65;10.49;1
2020-11-27;2020;11;10.77;10.68;10.97;10.65;1
2020-11-30;2020;11;10.49;10.77;10.81;10.49;1
2020-12-01;2020;12;10.94;10.65;11.03;10.61;1
2020-12-02;2020;12;10.93;10.95;11.02;10.81;1
2020-12-03;2020;12;11.09;10.97;11.34;10.92;1
2020-12-04;2020;12;11.11;11.16;11.19;10.97;1
2020-12-07;2020;12;11.16;11.07;11.29;10.98;1
2020-12-08;2020;12;11.11;11.2;11.31;11;1
2020-12-09;2020;12;11.17;11.07;11.19;11.05;1
2020-12-10;2020;12;11.4;11.17;11.43;11.16;1
2020-12-11;2020;12;11.41;11.31;11.45;11.22;1
2020-12-14;2020;12;11.28;11.45;11.5;11.28;1
2020-12-15;2020;12;11.5;11.34;11.56;11.3;1
2020-12-16;2020;12;11.66;11.5;11.73;11.34;1
2020-12-17;2020;12;11.67;11.66;11.81;11.59;1
2020-12-18;2020;12;11.56;11.65;11.75;11.54;1
2020-12-21;2020;12;11.38;11.35;11.54;11.24;1
2020-12-22;2020;12;11.4;11.41;11.59;11.35;1
2020-12-23;2020;12;11.67;11.46;11.72;11.4;1
2020-12-28;2020;12;11.8;11.74;11.8;11.67;1
2020-12-29;2020;12;11.87;11.81;11.88;11.74;1
2020-12-30;2020;12;11.73;11.89;11.94;11.7;1
2021-01-04;2021;1;11.55;11.84;11.84;11.43;1
2021-01-05;2021;1;11.46;11.48;11.5;11.26;1
2021-01-06;2021;1;11.71;11.46;11.84;11.41;1
2021-01-07;2021;1;12.16;11.71;12.22;11.63;1
2021-01-08;2021;1;12.13;12.25;12.35;12.02;1
2021-01-11;2021;1;11.85;12.03;12.07;11.74;1
2021-01-12;2021;1;11.94;11.9;11.99;11.82;1
2021-01-13;2021;1;11.82;11.98;12.07;11.66;1
2021-01-14;2021;1;12.08;11.89;12.1;11.82;1
2021-01-15;2021;1;11.61;11.87;11.94;11.6;1
2021-01-18;2021;1;11.63;11.75;11.81;11.55;1
2021-01-19;2021;1;11.45;11.7;11.75;11.34;1
2021-01-20;2021;1;11.27;11.46;11.5;11.17;1
2021-01-21;2021;1;11.04;11.3;11.33;11.01;1
2021-01-22;2021;1;10.88;10.84;10.96;10.79;1
2021-01-26;2021;1;10.62;10.86;11.06;10.54;1
2021-01-27;2021;1;10.58;10.59;10.73;10.44;1
2021-01-28;2021;1;10.97;10.56;10.99;10.56;1
2021-01-29;2021;1;10.61;10.85;10.97;10.61;1
2021-02-01;2021;2;10.79;10.79;10.95;10.75;1
2021-02-02;2021;2;10.81;10.85;10.92;10.55;1
2021-02-03;2021;2;10.82;10.82;11.02;10.77;1
2021-02-04;2021;2;10.82;10.85;10.9;10.75;1
2021-02-05;2021;2;10.76;10.84;10.89;10.7;1
2021-02-08;2021;2;10.6;10.73;10.75;10.58;1
2021-02-09;2021;2;10.69;10.58;10.84;10.49;1
2021-02-10;2021;2;10.62;10.69;10.78;10.55;1
2021-02-11;2021;2;10.64;10.69;10.77;10.59;1
2021-02-12;2021;2;10.6;10.62;10.67;10.47;1
2021-02-17;2021;2;10.54;10.6;10.62;10.45;1
2021-02-18;2021;2;10.35;10.51;10.61;10.35;1
2021-02-19;2021;2;10.25;10.35;10.43;10.23;1
2021-02-22;2021;2;9.78;10.01;10.02;9.72;1
2021-02-23;2021;2;10.52;9.92;10.55;9.92;1
2021-02-24;2021;2;10.42;10.6;10.62;10.37;1
2021-02-25;2021;2;10.08;10.43;10.52;10.06;1
2021-02-26;2021;2;9.95;10.12;10.27;9.92;1
2021-03-01;2021;3;9.62;10.1;10.15;9.62;1
2021-03-02;2021;3;9.9;9.5;9.98;9.32;1
2021-03-03;2021;3;9.99;9.85;10.08;9.59;1
2021-03-04;2021;3;10.21;10;10.43;9.98;1
2021-03-05;2021;3;10.37;10.3;10.49;10.2;1
2021-03-08;2021;3;9.96;10.17;10.4;9.93;1
2021-03-09;2021;3;10.05;10.04;10.22;9.85;1
2021-03-10;2021;3;10.31;10.07;10.31;9.93;1
2021-03-11;2021;3;10.28;10.37;10.45;10.11;1
2021-03-12;2021;3;10.2;10.16;10.28;10.12;1
2021-03-15;2021;3;10.23;10.14;10.29;10.1;1
2021-03-16;2021;3;10.08;10.2;10.27;10;1
2021-03-17;2021;3;10.37;10.04;10.38;9.99;1
2021-03-18;2021;3;10.47;10.32;10.6;10.32;1
2021-03-19;2021;3;10.44;10.54;10.58;10.32;1
2021-03-22;2021;3;10.52;10.36;10.55;10.23;1
2021-03-23;2021;3;10.26;10.41;10.54;10.26;1
2021-03-24;2021;3;10.05;10.3;10.31;10.03;1
2021-03-25;2021;3;10.26;10.02;10.26;9.97;1
2021-03-26;2021;3;10.36;10.18;10.38;10.17;1
2021-03-29;2021;3;10.32;10.28;10.37;10.17;1
